[
  {
    "disp": "戦闘力",
    "key": "mmStatusFGT",
    "value": "51568(14位/41位)",
    "converted": "5156800",
    "useCombo": false
  },
  {
    "disp": "攻撃力",
    "key": "mmStatusATK",
    "value": "5152(18位/41位)",
    "converted": "515200",
    "useCombo": false
  },
  {
    "disp": "物理防御力",
    "key": "mmStatusPDF",
    "value": "4810(7位/41位)",
    "converted": "481000",
    "useCombo": false
  },
  {
    "disp": "命中",
    "key": "mmStatusACC",
    "value": "2405(8位/41位)",
    "converted": "240500",
    "useCombo": false
  },
  {
    "disp": "回避",
    "key": "mmStatusEVA",
    "value": "2202(9位/41位)",
    "converted": "220200",
    "useCombo": false
  },
  {
    "disp": "クリティカル",
    "key": "mmStatusCRI",
    "value": "2200(9位/41位)",
    "converted": "220000",
    "useCombo": false
  },
  {
    "disp": "魔法防御力",
    "key": "mmStatusMDF",
    "value": "4302(16位/41位)",
    "converted": "430200",
    "useCombo": false
  },
  {
    "disp": "HP",
    "key": "mmStatusHP",
    "value": "40452(13位/41位)",
    "converted": "4045200",
    "useCombo": false
  },
  {
    "disp": "クリティカル耐性",
    "key": "mmStatusCRD",
    "value": "1867(13位/41位)",
    "converted": "186700",
    "useCombo": false
  },
  {
    "disp": "防御力",
    "key": "mmStatusDEF",
    "value": "10(3位/41位)",
    "converted": "1000",
    "useCombo": false
  },
  {
    "disp": "スピード",
    "key": "mmStatusSPD",
    "value": "3059(10位/41位)",
    "converted": "305900",
    "useCombo": false
  },
  {
    "disp": "技力",
    "key": "mmAbilityDEX",
    "value": "4400(9位/41位)",
    "converted": "440000",
    "useCombo": false
  },
  {
    "disp": "魔力",
    "key": "mmAbilityMGC",
    "value": "4298(17位/41位)",
    "converted": "429800",
    "useCombo": false
  },
  {
    "disp": "耐久力",
    "key": "mmAbilityDUR",
    "value": "3735(13位/41位)",
    "converted": "373500",
    "useCombo": false
  },
  {
    "disp": "役割",
    "key": "mmRole",
    "value": "ヒーラー",
    "converted": "",
    "useCombo": true
  }
]