[
  {
    "disp": "戦闘力",
    "key": "mmStatusFGT",
    "value": "53241(1位/41位)",
    "converted": "5324100",
    "useCombo": false
  },
  {
    "disp": "攻撃力",
    "key": "mmStatusATK",
    "value": "5451(5位/41位)",
    "converted": "545100",
    "useCombo": false
  },
  {
    "disp": "物理防御力",
    "key": "mmStatusPDF",
    "value": "4592(8位/41位)",
    "converted": "459200",
    "useCombo": false
  },
  {
    "disp": "命中",
    "key": "mmStatusACC",
    "value": "2298(9位/41位)",
    "converted": "229800",
    "useCombo": false
  },
  {
    "disp": "回避",
    "key": "mmStatusEVA",
    "value": "2551(2位/41位)",
    "converted": "255100",
    "useCombo": false
  },
  {
    "disp": "クリティカル",
    "key": "mmStatusCRI",
    "value": "2551(2位/41位)",
    "converted": "255100",
    "useCombo": false
  },
  {
    "disp": "魔法防御力",
    "key": "mmStatusMDF",
    "value": "4030(22位/41位)",
    "converted": "403000",
    "useCombo": false
  },
  {
    "disp": "HP",
    "key": "mmStatusHP",
    "value": "38303(18位/41位)",
    "converted": "3830300",
    "useCombo": false
  },
  {
    "disp": "クリティカル耐性",
    "key": "mmStatusCRD",
    "value": "1760(17位/41位)",
    "converted": "176000",
    "useCombo": false
  },
  {
    "disp": "防御力",
    "key": "mmStatusDEF",
    "value": "7(16位/41位)",
    "converted": "700",
    "useCombo": false
  },
  {
    "disp": "スピード",
    "key": "mmStatusSPD",
    "value": "3562(1位/41位)",
    "converted": "356200",
    "useCombo": false
  },
  {
    "disp": "技力",
    "key": "mmAbilityDEX",
    "value": "5102(2位/41位)",
    "converted": "510200",
    "useCombo": false
  },
  {
    "disp": "魔力",
    "key": "mmAbilityMGC",
    "value": "4030(23位/41位)",
    "converted": "403000",
    "useCombo": false
  },
  {
    "disp": "耐久力",
    "key": "mmAbilityDUR",
    "value": "3520(17位/41位)",
    "converted": "352000",
    "useCombo": false
  },
  {
    "disp": "役割",
    "key": "mmRole",
    "value": "アタッカー",
    "converted": "",
    "useCombo": true
  }
]