[
  {
    "disp": "戦闘力",
    "key": "mmStatusFGT",
    "value": "575,460",
    "converted": "575460",
    "useCombo": false
  },
  {
    "disp": "攻撃力",
    "key": "mmStatusATK",
    "value": "144,200",
    "converted": "144200",
    "useCombo": false
  },
  {
    "disp": "物理防御力",
    "key": "mmStatusPDF",
    "value": "7,930",
    "converted": "7930",
    "useCombo": false
  },
  {
    "disp": "命中",
    "key": "mmStatusACC",
    "value": "2,457",
    "converted": "2457",
    "useCombo": false
  },
  {
    "disp": "回避",
    "key": "mmStatusEVA",
    "value": "2,562",
    "converted": "2562",
    "useCombo": false
  },
  {
    "disp": "クリティカル",
    "key": "mmStatusCRI",
    "value": "1,152",
    "converted": "1152",
    "useCombo": false
  },
  {
    "disp": "魔法防御力",
    "key": "mmStatusMDF",
    "value": "7,706",
    "converted": "7706",
    "useCombo": false
  },
  {
    "disp": "HP",
    "key": "mmStatusHP",
    "value": "1,487,367",
    "converted": "1487367",
    "useCombo": false
  },
  {
    "disp": "クリティカル耐性",
    "key": "mmStatusCRD",
    "value": "2,143",
    "converted": "2143",
    "useCombo": false
  },
  {
    "disp": "防御力",
    "key": "mmStatusDEF",
    "value": "39",
    "converted": "39",
    "useCombo": false
  },
  {
    "disp": "スピード",
    "key": "mmStatusSPD",
    "value": "3,047",
    "converted": "3047",
    "useCombo": false
  },
  {
    "disp": "技力",
    "key": "mmAbilityDEX",
    "value": "2,024",
    "converted": "2024",
    "useCombo": false
  },
  {
    "disp": "魔力",
    "key": "mmAbilityMGC",
    "value": "4,555",
    "converted": "4555",
    "useCombo": false
  },
  {
    "disp": "耐久力",
    "key": "mmAbilityDUR",
    "value": "1,287",
    "converted": "1287",
    "useCombo": false
  },
  {
    "disp": "役割",
    "key": "mmRole",
    "value": "アタッカー",
    "converted": "",
    "useCombo": true
  }
]