[
  {
    "disp": "戦闘力",
    "key": "mmStatusFGT",
    "value": "51,889(10位/41位)",
    "converted": "5188900",
    "useCombo": false
  },
  {
    "disp": "攻撃力",
    "key": "mmStatusATK",
    "value": "5,450(6位/41位)",
    "converted": "545000",
    "useCombo": false
  },
  {
    "disp": "物理防御力",
    "key": "mmStatusPDF",
    "value": "5,102(1位/41位)",
    "converted": "510200",
    "useCombo": false
  },
  {
    "disp": "命中",
    "key": "mmStatusACC",
    "value": "2,551(2位/41位)",
    "converted": "255100",
    "useCombo": false
  },
  {
    "disp": "回避",
    "key": "mmStatusEVA",
    "value": "2,117(16位/41位)",
    "converted": "211700",
    "useCombo": false
  },
  {
    "disp": "クリティカル",
    "key": "mmStatusCRI",
    "value": "2,114(16位/41位)",
    "converted": "211400",
    "useCombo": false
  },
  {
    "disp": "魔法防御力",
    "key": "mmStatusMDF",
    "value": "4,387(11位/41位)",
    "converted": "438700",
    "useCombo": false
  },
  {
    "disp": "HP",
    "key": "mmStatusHP",
    "value": "38,301(21位/41位)",
    "converted": "3830100",
    "useCombo": false
  },
  {
    "disp": "クリティカル耐性",
    "key": "mmStatusCRD",
    "value": "1,760(17位/41位)",
    "converted": "176000",
    "useCombo": false
  },
  {
    "disp": "防御力",
    "key": "mmStatusDEF",
    "value": "10(3位/41位)",
    "converted": "1000",
    "useCombo": false
  },
  {
    "disp": "スピード",
    "key": "mmStatusSPD",
    "value": "2,926(13位/41位)",
    "converted": "292600",
    "useCombo": false
  },
  {
    "disp": "技力",
    "key": "mmAbilityDEX",
    "value": "4,234(16位/41位)",
    "converted": "423400",
    "useCombo": false
  },
  {
    "disp": "魔力",
    "key": "mmAbilityMGC",
    "value": "4,387(12位/41位)",
    "converted": "438700",
    "useCombo": false
  },
  {
    "disp": "耐久力",
    "key": "mmAbilityDUR",
    "value": "3,520(17位/41位)",
    "converted": "352000",
    "useCombo": false
  },
  {
    "disp": "役割",
    "key": "mmRole",
    "value": "アタッカー",
    "converted": "",
    "useCombo": true
  }
]