[
  {
    "disp": "戦闘力",
    "key": "mmStatusFGT",
    "value": "51772(12位/41位)",
    "converted": "5177200",
    "useCombo": false
  },
  {
    "disp": "攻撃力",
    "key": "mmStatusATK",
    "value": "5189(15位/41位)",
    "converted": "518900",
    "useCombo": false
  },
  {
    "disp": "物理防御力",
    "key": "mmStatusPDF",
    "value": "4851(6位/41位)",
    "converted": "485100",
    "useCombo": false
  },
  {
    "disp": "命中",
    "key": "mmStatusACC",
    "value": "2423(7位/41位)",
    "converted": "242300",
    "useCombo": false
  },
  {
    "disp": "回避",
    "key": "mmStatusEVA",
    "value": "2170(11位/41位)",
    "converted": "217000",
    "useCombo": false
  },
  {
    "disp": "クリティカル",
    "key": "mmStatusCRI",
    "value": "2168(11位/41位)",
    "converted": "216800",
    "useCombo": false
  },
  {
    "disp": "魔法防御力",
    "key": "mmStatusMDF",
    "value": "4285(17位/41位)",
    "converted": "428500",
    "useCombo": false
  },
  {
    "disp": "HP",
    "key": "mmStatusHP",
    "value": "40852(12位/41位)",
    "converted": "4085200",
    "useCombo": false
  },
  {
    "disp": "クリティカル耐性",
    "key": "mmStatusCRD",
    "value": "1887(11位/41位)",
    "converted": "188700",
    "useCombo": false
  },
  {
    "disp": "防御力",
    "key": "mmStatusDEF",
    "value": "10(3位/41位)",
    "converted": "1000",
    "useCombo": false
  },
  {
    "disp": "スピード",
    "key": "mmStatusSPD",
    "value": "3120(8位/41位)",
    "converted": "312000",
    "useCombo": false
  },
  {
    "disp": "技力",
    "key": "mmAbilityDEX",
    "value": "4336(11位/41位)",
    "converted": "433600",
    "useCombo": false
  },
  {
    "disp": "魔力",
    "key": "mmAbilityMGC",
    "value": "4285(18位/41位)",
    "converted": "428500",
    "useCombo": false
  },
  {
    "disp": "耐久力",
    "key": "mmAbilityDUR",
    "value": "3775(11位/41位)",
    "converted": "377500",
    "useCombo": false
  },
  {
    "disp": "役割",
    "key": "mmRole",
    "value": "バッファー",
    "converted": "",
    "useCombo": true
  }
]