[
  {
    "disp": "戦闘力",
    "key": "mmStatusFGT",
    "value": "50,224(25位/41位)",
    "converted": "5022400",
    "useCombo": false
  },
  {
    "disp": "攻撃力",
    "key": "mmStatusATK",
    "value": "4,893(22位/41位)",
    "converted": "489300",
    "useCombo": false
  },
  {
    "disp": "物理防御力",
    "key": "mmStatusPDF",
    "value": "4,045(22位/41位)",
    "converted": "404500",
    "useCombo": false
  },
  {
    "disp": "命中",
    "key": "mmStatusACC",
    "value": "2,022(22位/41位)",
    "converted": "202200",
    "useCombo": false
  },
  {
    "disp": "回避",
    "key": "mmStatusEVA",
    "value": "1,999(24位/41位)",
    "converted": "199900",
    "useCombo": false
  },
  {
    "disp": "クリティカル",
    "key": "mmStatusCRI",
    "value": "1,997(24位/41位)",
    "converted": "199700",
    "useCombo": false
  },
  {
    "disp": "魔法防御力",
    "key": "mmStatusMDF",
    "value": "4,550(8位/41位)",
    "converted": "455000",
    "useCombo": false
  },
  {
    "disp": "HP",
    "key": "mmStatusHP",
    "value": "49,627(3位/41位)",
    "converted": "4962700",
    "useCombo": false
  },
  {
    "disp": "クリティカル耐性",
    "key": "mmStatusCRD",
    "value": "2,326(4位/41位)",
    "converted": "232600",
    "useCombo": false
  },
  {
    "disp": "防御力",
    "key": "mmStatusDEF",
    "value": "10(3位/41位)",
    "converted": "1000",
    "useCombo": false
  },
  {
    "disp": "スピード",
    "key": "mmStatusSPD",
    "value": "2,680(23位/41位)",
    "converted": "268000",
    "useCombo": false
  },
  {
    "disp": "技力",
    "key": "mmAbilityDEX",
    "value": "3,995(23位/41位)",
    "converted": "399500",
    "useCombo": false
  },
  {
    "disp": "魔力",
    "key": "mmAbilityMGC",
    "value": "4,551(9位/41位)",
    "converted": "455100",
    "useCombo": false
  },
  {
    "disp": "耐久力",
    "key": "mmAbilityDUR",
    "value": "4,652(4位/41位)",
    "converted": "465200",
    "useCombo": false
  },
  {
    "disp": "役割",
    "key": "mmRole",
    "value": "ヒーラー",
    "converted": "",
    "useCombo": true
  }
]