[
  {
    "disp": "戦闘力",
    "key": "mmStatusFGT",
    "value": "422,230",
    "converted": "422230",
    "useCombo": false
  },
  {
    "disp": "攻撃力",
    "key": "mmStatusATK",
    "value": "103,603",
    "converted": "103603",
    "useCombo": false
  },
  {
    "disp": "物理防御力",
    "key": "mmStatusPDF",
    "value": "7,839",
    "converted": "7839",
    "useCombo": false
  },
  {
    "disp": "命中",
    "key": "mmStatusACC",
    "value": "2,489",
    "converted": "2489",
    "useCombo": false
  },
  {
    "disp": "回避",
    "key": "mmStatusEVA",
    "value": "2,280",
    "converted": "2280",
    "useCombo": false
  },
  {
    "disp": "クリティカル",
    "key": "mmStatusCRI",
    "value": "850",
    "converted": "850",
    "useCombo": false
  },
  {
    "disp": "魔法防御力",
    "key": "mmStatusMDF",
    "value": "7,627",
    "converted": "7627",
    "useCombo": false
  },
  {
    "disp": "HP",
    "key": "mmStatusHP",
    "value": "938,763",
    "converted": "938763",
    "useCombo": false
  },
  {
    "disp": "クリティカル耐性",
    "key": "mmStatusCRD",
    "value": "2,290",
    "converted": "2290",
    "useCombo": false
  },
  {
    "disp": "防御力",
    "key": "mmStatusDEF",
    "value": "42",
    "converted": "42",
    "useCombo": false
  },
  {
    "disp": "スピード",
    "key": "mmStatusSPD",
    "value": "3,596",
    "converted": "3596",
    "useCombo": false
  },
  {
    "disp": "技力",
    "key": "mmAbilityDEX",
    "value": "1,561",
    "converted": "1561",
    "useCombo": false
  },
  {
    "disp": "魔力",
    "key": "mmAbilityMGC",
    "value": "4,630",
    "converted": "4630",
    "useCombo": false
  },
  {
    "disp": "耐久力",
    "key": "mmAbilityDUR",
    "value": "1,581",
    "converted": "1581",
    "useCombo": false
  },
  {
    "disp": "役割",
    "key": "mmRole",
    "value": "バッファー",
    "converted": "",
    "useCombo": true
  }
]