[
  {
    "disp": "戦闘力",
    "key": "mmStatusFGT",
    "value": "1,290,196",
    "converted": "1290196",
    "useCombo": false
  },
  {
    "disp": "攻撃力",
    "key": "mmStatusATK",
    "value": "314,047",
    "converted": "314047",
    "useCombo": false
  },
  {
    "disp": "物理防御力",
    "key": "mmStatusPDF",
    "value": "9,263",
    "converted": "9263",
    "useCombo": false
  },
  {
    "disp": "命中",
    "key": "mmStatusACC",
    "value": "4,149",
    "converted": "4149",
    "useCombo": false
  },
  {
    "disp": "回避",
    "key": "mmStatusEVA",
    "value": "5,379",
    "converted": "5379",
    "useCombo": false
  },
  {
    "disp": "クリティカル",
    "key": "mmStatusCRI",
    "value": "2,681",
    "converted": "2681",
    "useCombo": false
  },
  {
    "disp": "魔法防御力",
    "key": "mmStatusMDF",
    "value": "11,782",
    "converted": "11782",
    "useCombo": false
  },
  {
    "disp": "HP",
    "key": "mmStatusHP",
    "value": "4,752,872",
    "converted": "4752872",
    "useCombo": false
  },
  {
    "disp": "クリティカル耐性",
    "key": "mmStatusCRD",
    "value": "3,936",
    "converted": "3936",
    "useCombo": false
  },
  {
    "disp": "防御力",
    "key": "mmStatusDEF",
    "value": "83",
    "converted": "83",
    "useCombo": false
  },
  {
    "disp": "スピード",
    "key": "mmStatusSPD",
    "value": "2,895",
    "converted": "2895",
    "useCombo": false
  },
  {
    "disp": "技力",
    "key": "mmAbilityDEX",
    "value": "4,662",
    "converted": "4662",
    "useCombo": false
  },
  {
    "disp": "魔力",
    "key": "mmAbilityMGC",
    "value": "7,116",
    "converted": "7116",
    "useCombo": false
  },
  {
    "disp": "耐久力",
    "key": "mmAbilityDUR",
    "value": "4,673",
    "converted": "4673",
    "useCombo": false
  },
  {
    "disp": "役割",
    "key": "mmRole",
    "value": "デバッファー",
    "converted": "",
    "useCombo": true
  }
]