[
  {
    "disp": "戦闘力",
    "key": "mmStatusFGT",
    "value": "1,386,980",
    "converted": "1386980",
    "useCombo": false
  },
  {
    "disp": "攻撃力",
    "key": "mmStatusATK",
    "value": "328,598",
    "converted": "328598",
    "useCombo": false
  },
  {
    "disp": "物理防御力",
    "key": "mmStatusPDF",
    "value": "12,293",
    "converted": "12293",
    "useCombo": false
  },
  {
    "disp": "命中",
    "key": "mmStatusACC",
    "value": "4,079",
    "converted": "4079",
    "useCombo": false
  },
  {
    "disp": "回避",
    "key": "mmStatusEVA",
    "value": "5,570",
    "converted": "5570",
    "useCombo": false
  },
  {
    "disp": "クリティカル",
    "key": "mmStatusCRI",
    "value": "2,870",
    "converted": "2870",
    "useCombo": false
  },
  {
    "disp": "魔法防御力",
    "key": "mmStatusMDF",
    "value": "14,772",
    "converted": "14772",
    "useCombo": false
  },
  {
    "disp": "HP",
    "key": "mmStatusHP",
    "value": "5,102,549",
    "converted": "5102549",
    "useCombo": false
  },
  {
    "disp": "クリティカル耐性",
    "key": "mmStatusCRD",
    "value": "3,923",
    "converted": "3923",
    "useCombo": false
  },
  {
    "disp": "防御力",
    "key": "mmStatusDEF",
    "value": "82",
    "converted": "82",
    "useCombo": false
  },
  {
    "disp": "スピード",
    "key": "mmStatusSPD",
    "value": "3,048",
    "converted": "3048",
    "useCombo": false
  },
  {
    "disp": "技力",
    "key": "mmAbilityDEX",
    "value": "5,041",
    "converted": "5041",
    "useCombo": false
  },
  {
    "disp": "魔力",
    "key": "mmAbilityMGC",
    "value": "6,936",
    "converted": "6936",
    "useCombo": false
  },
  {
    "disp": "耐久力",
    "key": "mmAbilityDUR",
    "value": "4,646",
    "converted": "4646",
    "useCombo": false
  },
  {
    "disp": "役割",
    "key": "mmRole",
    "value": "デバッファー",
    "converted": "",
    "useCombo": true
  }
]