[
  {
    "disp": "戦闘力",
    "key": "mmStatusFGT",
    "value": "168,695",
    "converted": "168695",
    "useCombo": false
  },
  {
    "disp": "攻撃力",
    "key": "mmStatusATK",
    "value": "44,053",
    "converted": "44053",
    "useCombo": false
  },
  {
    "disp": "物理防御力",
    "key": "mmStatusPDF",
    "value": "4,892",
    "converted": "4892",
    "useCombo": false
  },
  {
    "disp": "命中",
    "key": "mmStatusACC",
    "value": "946",
    "converted": "946",
    "useCombo": false
  },
  {
    "disp": "回避",
    "key": "mmStatusEVA",
    "value": "2,303",
    "converted": "2303",
    "useCombo": false
  },
  {
    "disp": "クリティカル",
    "key": "mmStatusCRI",
    "value": "800",
    "converted": "800",
    "useCombo": false
  },
  {
    "disp": "魔法防御力",
    "key": "mmStatusMDF",
    "value": "4,682",
    "converted": "4682",
    "useCombo": false
  },
  {
    "disp": "HP",
    "key": "mmStatusHP",
    "value": "13,190",
    "converted": "13190",
    "useCombo": false
  },
  {
    "disp": "クリティカル耐性",
    "key": "mmStatusCRD",
    "value": "2,159",
    "converted": "2159",
    "useCombo": false
  },
  {
    "disp": "防御力",
    "key": "mmStatusDEF",
    "value": "10",
    "converted": "10",
    "useCombo": false
  },
  {
    "disp": "スピード",
    "key": "mmStatusSPD",
    "value": "2,935",
    "converted": "2935",
    "useCombo": false
  },
  {
    "disp": "役割",
    "key": "mmRole",
    "value": "アタッカー",
    "converted": "",
    "useCombo": true
  }
]