[
  {
    "disp": "戦闘力",
    "key": "mmStatusFGT",
    "value": "50971(18位/41位)",
    "converted": "5097100",
    "useCombo": false
  },
  {
    "disp": "攻撃力",
    "key": "mmStatusATK",
    "value": "5138(20位/41位)",
    "converted": "513800",
    "useCombo": false
  },
  {
    "disp": "物理防御力",
    "key": "mmStatusPDF",
    "value": "4336(15位/41位)",
    "converted": "433600",
    "useCombo": false
  },
  {
    "disp": "命中",
    "key": "mmStatusACC",
    "value": "2169(15位/41位)",
    "converted": "216900",
    "useCombo": false
  },
  {
    "disp": "回避",
    "key": "mmStatusEVA",
    "value": "2169(12位/41位)",
    "converted": "216900",
    "useCombo": false
  },
  {
    "disp": "クリティカル",
    "key": "mmStatusCRI",
    "value": "2168(11位/41位)",
    "converted": "216800",
    "useCombo": false
  },
  {
    "disp": "魔法防御力",
    "key": "mmStatusMDF",
    "value": "4799(6位/41位)",
    "converted": "479900",
    "useCombo": false
  },
  {
    "disp": "HP",
    "key": "mmStatusHP",
    "value": "40854(11位/41位)",
    "converted": "4085400",
    "useCombo": false
  },
  {
    "disp": "クリティカル耐性",
    "key": "mmStatusCRD",
    "value": "1887(11位/41位)",
    "converted": "188700",
    "useCombo": false
  },
  {
    "disp": "防御力",
    "key": "mmStatusDEF",
    "value": "10(3位/41位)",
    "converted": "1000",
    "useCombo": false
  },
  {
    "disp": "スピード",
    "key": "mmStatusSPD",
    "value": "2796(20位/41位)",
    "converted": "279600",
    "useCombo": false
  },
  {
    "disp": "技力",
    "key": "mmAbilityDEX",
    "value": "4336(11位/41位)",
    "converted": "433600",
    "useCombo": false
  },
  {
    "disp": "魔力",
    "key": "mmAbilityMGC",
    "value": "4796(6位/41位)",
    "converted": "479600",
    "useCombo": false
  },
  {
    "disp": "耐久力",
    "key": "mmAbilityDUR",
    "value": "3775(11位/41位)",
    "converted": "377500",
    "useCombo": false
  },
  {
    "disp": "役割",
    "key": "mmRole",
    "value": "バッファー",
    "converted": "",
    "useCombo": true
  }
]