[
  {
    "disp": "戦闘力",
    "key": "mmStatusFGT",
    "value": "182,016",
    "converted": "182016",
    "useCombo": false
  },
  {
    "disp": "攻撃力",
    "key": "mmStatusATK",
    "value": "49,568",
    "converted": "49568",
    "useCombo": false
  },
  {
    "disp": "物理防御力",
    "key": "mmStatusPDF",
    "value": "4,717",
    "converted": "4717",
    "useCombo": false
  },
  {
    "disp": "命中",
    "key": "mmStatusACC",
    "value": "862",
    "converted": "862",
    "useCombo": false
  },
  {
    "disp": "回避",
    "key": "mmStatusEVA",
    "value": "2,255",
    "converted": "2255",
    "useCombo": false
  },
  {
    "disp": "クリティカル",
    "key": "mmStatusCRI",
    "value": "755",
    "converted": "755",
    "useCombo": false
  },
  {
    "disp": "魔法防御力",
    "key": "mmStatusMDF",
    "value": "4,892",
    "converted": "4892",
    "useCombo": false
  },
  {
    "disp": "HP",
    "key": "mmStatusHP",
    "value": "436,537",
    "converted": "436537",
    "useCombo": false
  },
  {
    "disp": "クリティカル耐性",
    "key": "mmStatusCRD",
    "value": "2,197",
    "converted": "2197",
    "useCombo": false
  },
  {
    "disp": "防御力",
    "key": "mmStatusDEF",
    "value": "10",
    "converted": "10",
    "useCombo": false
  },
  {
    "disp": "スピード",
    "key": "mmStatusSPD",
    "value": "2,687",
    "converted": "2687",
    "useCombo": false
  },
  {
    "disp": "技力",
    "key": "mmAbilityDEX",
    "value": "1,510",
    "converted": "1510",
    "useCombo": false
  },
  {
    "disp": "魔力",
    "key": "mmAbilityMGC",
    "value": "1,892",
    "converted": "1892",
    "useCombo": false
  },
  {
    "disp": "耐久力",
    "key": "mmAbilityDUR",
    "value": "1,395",
    "converted": "1395",
    "useCombo": false
  },
  {
    "disp": "役割",
    "key": "mmRole",
    "value": "アタッカー",
    "converted": "",
    "useCombo": true
  }
]