[
  {
    "disp": "戦闘力",
    "key": "mmStatusFGT",
    "value": "712,769",
    "converted": "712769",
    "useCombo": false
  },
  {
    "disp": "攻撃力",
    "key": "mmStatusATK",
    "value": "226,053",
    "converted": "226053",
    "useCombo": false
  },
  {
    "disp": "物理防御力",
    "key": "mmStatusPDF",
    "value": "7,610",
    "converted": "7610",
    "useCombo": false
  },
  {
    "disp": "命中",
    "key": "mmStatusACC",
    "value": "2,375",
    "converted": "2375",
    "useCombo": false
  },
  {
    "disp": "回避",
    "key": "mmStatusEVA",
    "value": "2,339",
    "converted": "2339",
    "useCombo": false
  },
  {
    "disp": "クリティカル",
    "key": "mmStatusCRI",
    "value": "909",
    "converted": "909",
    "useCombo": false
  },
  {
    "disp": "魔法防御力",
    "key": "mmStatusMDF",
    "value": "7,832",
    "converted": "7832",
    "useCombo": false
  },
  {
    "disp": "HP",
    "key": "mmStatusHP",
    "value": "2,344,860",
    "converted": "2344860",
    "useCombo": false
  },
  {
    "disp": "クリティカル耐性",
    "key": "mmStatusCRD",
    "value": "2,199",
    "converted": "2199",
    "useCombo": false
  },
  {
    "disp": "防御力",
    "key": "mmStatusDEF",
    "value": "25",
    "converted": "25",
    "useCombo": false
  },
  {
    "disp": "スピード",
    "key": "mmStatusSPD",
    "value": "2,972",
    "converted": "2972",
    "useCombo": false
  },
  {
    "disp": "技力",
    "key": "mmAbilityDEX",
    "value": "1,679",
    "converted": "1679",
    "useCombo": false
  },
  {
    "disp": "魔力",
    "key": "mmAbilityMGC",
    "value": "4,832",
    "converted": "4832",
    "useCombo": false
  },
  {
    "disp": "耐久力",
    "key": "mmAbilityDUR",
    "value": "1,399",
    "converted": "1399",
    "useCombo": false
  },
  {
    "disp": "役割",
    "key": "mmRole",
    "value": "デバッファー",
    "converted": "",
    "useCombo": true
  }
]