[
  {
    "disp": "戦闘力",
    "key": "mmStatusFGT",
    "value": "794,371",
    "converted": "794371",
    "useCombo": false
  },
  {
    "disp": "攻撃力",
    "key": "mmStatusATK",
    "value": "217,354",
    "converted": "217354",
    "useCombo": false
  },
  {
    "disp": "物理防御力",
    "key": "mmStatusPDF",
    "value": "8,184",
    "converted": "8184",
    "useCombo": false
  },
  {
    "disp": "命中",
    "key": "mmStatusACC",
    "value": "2,652",
    "converted": "2652",
    "useCombo": false
  },
  {
    "disp": "回避",
    "key": "mmStatusEVA",
    "value": "2,400",
    "converted": "2400",
    "useCombo": false
  },
  {
    "disp": "クリティカル",
    "key": "mmStatusCRI",
    "value": "1,055",
    "converted": "1055",
    "useCombo": false
  },
  {
    "disp": "魔法防御力",
    "key": "mmStatusMDF",
    "value": "7,843",
    "converted": "7843",
    "useCombo": false
  },
  {
    "disp": "HP",
    "key": "mmStatusHP",
    "value": "2,518,835",
    "converted": "2518835",
    "useCombo": false
  },
  {
    "disp": "クリティカル耐性",
    "key": "mmStatusCRD",
    "value": "2,154",
    "converted": "2154",
    "useCombo": false
  },
  {
    "disp": "防御力",
    "key": "mmStatusDEF",
    "value": "55",
    "converted": "55",
    "useCombo": false
  },
  {
    "disp": "スピード",
    "key": "mmStatusSPD",
    "value": "3,049",
    "converted": "3049",
    "useCombo": false
  },
  {
    "disp": "技力",
    "key": "mmAbilityDEX",
    "value": "1,700",
    "converted": "1700",
    "useCombo": false
  },
  {
    "disp": "魔力",
    "key": "mmAbilityMGC",
    "value": "4,690",
    "converted": "4690",
    "useCombo": false
  },
  {
    "disp": "耐久力",
    "key": "mmAbilityDUR",
    "value": "1,308",
    "converted": "1308",
    "useCombo": false
  },
  {
    "disp": "役割",
    "key": "mmRole",
    "value": "アタッカー",
    "converted": "",
    "useCombo": true
  }
]