[
  {
    "disp": "戦闘力",
    "key": "mmStatusFGT",
    "value": "1,303,519",
    "converted": "1303519",
    "useCombo": false
  },
  {
    "disp": "攻撃力",
    "key": "mmStatusATK",
    "value": "317,764",
    "converted": "317764",
    "useCombo": false
  },
  {
    "disp": "物理防御力",
    "key": "mmStatusPDF",
    "value": "9,518",
    "converted": "9518",
    "useCombo": false
  },
  {
    "disp": "命中",
    "key": "mmStatusACC",
    "value": "4,270",
    "converted": "4270",
    "useCombo": false
  },
  {
    "disp": "回避",
    "key": "mmStatusEVA",
    "value": "5,403",
    "converted": "5403",
    "useCombo": false
  },
  {
    "disp": "クリティカル",
    "key": "mmStatusCRI",
    "value": "2,703",
    "converted": "2703",
    "useCombo": false
  },
  {
    "disp": "魔法防御力",
    "key": "mmStatusMDF",
    "value": "11,328",
    "converted": "11328",
    "useCombo": false
  },
  {
    "disp": "HP",
    "key": "mmStatusHP",
    "value": "4,854,423",
    "converted": "4854423",
    "useCombo": false
  },
  {
    "disp": "クリティカル耐性",
    "key": "mmStatusCRD",
    "value": "4,007",
    "converted": "4007",
    "useCombo": false
  },
  {
    "disp": "防御力",
    "key": "mmStatusDEF",
    "value": "87",
    "converted": "87",
    "useCombo": false
  },
  {
    "disp": "スピード",
    "key": "mmStatusSPD",
    "value": "3,187",
    "converted": "3187",
    "useCombo": false
  },
  {
    "disp": "技力",
    "key": "mmAbilityDEX",
    "value": "4,707",
    "converted": "4707",
    "useCombo": false
  },
  {
    "disp": "魔力",
    "key": "mmAbilityMGC",
    "value": "6,688",
    "converted": "6688",
    "useCombo": false
  },
  {
    "disp": "耐久力",
    "key": "mmAbilityDUR",
    "value": "4,815",
    "converted": "4815",
    "useCombo": false
  },
  {
    "disp": "役割",
    "key": "mmRole",
    "value": "バッファー",
    "converted": "",
    "useCombo": true
  }
]