[
  {
    "disp": "たいりょく",
    "key": "pqStatusHP",
    "value": "4326",
    "converted": "",
    "useCombo": false
  },
  {
    "disp": "こうげき",
    "key": "pqStatusATK",
    "value": "2358",
    "converted": "",
    "useCombo": false
  },
  {
    "disp": "かいふく",
    "key": "pqStatusREC",
    "value": "940",
    "converted": "",
    "useCombo": false
  },
  {
    "disp": "たいりょく",
    "key": "pqTokkunHP",
    "value": "+900",
    "converted": "",
    "useCombo": false
  },
  {
    "disp": "こうげき",
    "key": "pqTokkunATK",
    "value": "+1250",
    "converted": "",
    "useCombo": false
  },
  {
    "disp": "かいふく",
    "key": "pqTokkunREC",
    "value": "+180",
    "converted": "",
    "useCombo": false
  },
  {
    "disp": "タイプ",
    "key": "pqStatusType",
    "value": "バランス・単体",
    "converted": "",
    "useCombo": true
  },
  {
    "disp": "コンビネーション",
    "key": "pqStatusCombo",
    "value": "ボーイズ,仮面ライダー,剣士",
    "converted": "",
    "useCombo": true
  }
]