[
  {
    "disp": "たいりょく",
    "key": "pqStatusHP",
    "value": "4246",
    "converted": "",
    "useCombo": false
  },
  {
    "disp": "こうげき",
    "key": "pqStatusATK",
    "value": "2442",
    "converted": "",
    "useCombo": false
  },
  {
    "disp": "かいふく",
    "key": "pqStatusREC",
    "value": "150",
    "converted": "",
    "useCombo": false
  },
  {
    "disp": "たいりょく",
    "key": "pqTokkunHP",
    "value": "+900",
    "converted": "",
    "useCombo": false
  },
  {
    "disp": "こうげき",
    "key": "pqTokkunATK",
    "value": "+1200",
    "converted": "",
    "useCombo": false
  },
  {
    "disp": "かいふく",
    "key": "pqTokkunREC",
    "value": "+180",
    "converted": "",
    "useCombo": false
  },
  {
    "disp": "とくもりサポートスキル",
    "key": "pqTokuSp1",
    "value": "enable",
    "converted": "",
    "useCombo": false
  },
  {
    "disp": "タイプ",
    "key": "pqStatusType",
    "value": "こうげき・単体",
    "converted": "",
    "useCombo": true
  },
  {
    "disp": "コンビネーション",
    "key": "pqStatusCombo",
    "value": "ガールズ,ナゾ多き,ボス！？,はばたき,トラベラー",
    "converted": "",
    "useCombo": true
  }
]