[
  {
    "disp": "たいりょく",
    "key": "pqStatusHP",
    "value": "3545",
    "converted": "",
    "useCombo": false
  },
  {
    "disp": "こうげき",
    "key": "pqStatusATK",
    "value": "2012",
    "converted": "",
    "useCombo": false
  },
  {
    "disp": "かいふく",
    "key": "pqStatusREC",
    "value": "632",
    "converted": "",
    "useCombo": false
  },
  {
    "disp": "たいりょく",
    "key": "pqTokkunHP",
    "value": "+550",
    "converted": "",
    "useCombo": false
  },
  {
    "disp": "こうげき",
    "key": "pqTokkunATK",
    "value": "+600",
    "converted": "",
    "useCombo": false
  },
  {
    "disp": "かいふく",
    "key": "pqTokkunREC",
    "value": "+120",
    "converted": "",
    "useCombo": false
  },
  {
    "disp": "タイプ",
    "key": "pqStatusType",
    "value": "バランス・単体",
    "converted": "",
    "useCombo": true
  },
  {
    "disp": "コンビネーション",
    "key": "pqStatusCombo",
    "value": "ボーイズ,剣士,BLEACH",
    "converted": "",
    "useCombo": true
  }
]