[
  {
    "disp": "たいりょく",
    "key": "pqStatusHP",
    "value": "4240",
    "converted": "",
    "useCombo": false
  },
  {
    "disp": "こうげき",
    "key": "pqStatusATK",
    "value": "2560",
    "converted": "",
    "useCombo": false
  },
  {
    "disp": "かいふく",
    "key": "pqStatusREC",
    "value": "1980",
    "converted": "",
    "useCombo": false
  },
  {
    "disp": "たいりょく",
    "key": "pqTokkunHP",
    "value": "+900",
    "converted": "",
    "useCombo": false
  },
  {
    "disp": "こうげき",
    "key": "pqTokkunATK",
    "value": "+1200",
    "converted": "",
    "useCombo": false
  },
  {
    "disp": "かいふく",
    "key": "pqTokkunREC",
    "value": "+180",
    "converted": "",
    "useCombo": false
  },
  {
    "disp": "タイプ",
    "key": "pqStatusType",
    "value": "かいふく・単体",
    "converted": "",
    "useCombo": true
  },
  {
    "disp": "コンビネーション",
    "key": "pqStatusCombo",
    "value": "天空,ガールズ",
    "converted": "",
    "useCombo": true
  }
]