[
  {
    "disp": "たいりょく",
    "key": "pqStatusHP",
    "value": "2917",
    "converted": "",
    "useCombo": false
  },
  {
    "disp": "こうげき",
    "key": "pqStatusATK",
    "value": "239",
    "converted": "",
    "useCombo": false
  },
  {
    "disp": "かいふく",
    "key": "pqStatusREC",
    "value": "138",
    "converted": "",
    "useCombo": false
  },
  {
    "disp": "タイプ",
    "key": "pqStatusType",
    "value": "たいりょく・全体",
    "converted": "",
    "useCombo": true
  },
  {
    "disp": "コンビネーション",
    "key": "pqStatusCombo",
    "value": "まもの,ヘビー級,ふんいきトーク,どうぶつ",
    "converted": "",
    "useCombo": true
  }
]