[
  {
    "disp": "たいりょく",
    "key": "pqStatusHP",
    "value": "3731",
    "converted": "",
    "useCombo": false
  },
  {
    "disp": "こうげき",
    "key": "pqStatusATK",
    "value": "1919",
    "converted": "",
    "useCombo": false
  },
  {
    "disp": "かいふく",
    "key": "pqStatusREC",
    "value": "740",
    "converted": "",
    "useCombo": false
  },
  {
    "disp": "タイプ",
    "key": "pqStatusType",
    "value": "バランス・単体",
    "converted": "",
    "useCombo": true
  },
  {
    "disp": "コンビネーション",
    "key": "pqStatusCombo",
    "value": "ガールズ,つの,商人",
    "converted": "",
    "useCombo": true
  }
]