[
  {
    "disp": "たいりょく",
    "key": "pqStatusHP",
    "value": "781",
    "converted": "",
    "useCombo": false
  },
  {
    "disp": "こうげき",
    "key": "pqStatusATK",
    "value": "325",
    "converted": "",
    "useCombo": false
  },
  {
    "disp": "かいふく",
    "key": "pqStatusREC",
    "value": "73",
    "converted": "",
    "useCombo": false
  },
  {
    "disp": "タイプ",
    "key": "pqStatusType",
    "value": "バランス・単体",
    "converted": "",
    "useCombo": true
  },
  {
    "disp": "コンビネーション",
    "key": "pqStatusCombo",
    "value": "ガールズ",
    "converted": "",
    "useCombo": true
  }
]