[
  {
    "disp": "たいりょく",
    "key": "pqStatusHP",
    "value": "3242",
    "converted": "",
    "useCombo": false
  },
  {
    "disp": "こうげき",
    "key": "pqStatusATK",
    "value": "1423",
    "converted": "",
    "useCombo": false
  },
  {
    "disp": "かいふく",
    "key": "pqStatusREC",
    "value": "708",
    "converted": "",
    "useCombo": false
  },
  {
    "disp": "たいりょく",
    "key": "pqTokkunHP",
    "value": "+900",
    "converted": "",
    "useCombo": false
  },
  {
    "disp": "こうげき",
    "key": "pqTokkunATK",
    "value": "+1100",
    "converted": "",
    "useCombo": false
  },
  {
    "disp": "かいふく",
    "key": "pqTokkunREC",
    "value": "+180",
    "converted": "",
    "useCombo": false
  },
  {
    "disp": "タイプ",
    "key": "pqStatusType",
    "value": "バランス・単体",
    "converted": "",
    "useCombo": true
  },
  {
    "disp": "コンビネーション",
    "key": "pqStatusCombo",
    "value": "はばたき,ガールズ",
    "converted": "",
    "useCombo": true
  }
]